<?xml version="1.0" encoding="UTF-8"?>
<project-private xmlns="http://www.netbeans.org/ns/project-private/1">
    <editor-bookmarks xmlns="http://www.netbeans.org/ns/editor-bookmarks/2" lastBookmarkId="0"/>
    <open-files xmlns="http://www.netbeans.org/ns/projectui-open-files/2">
        <group>
            <file>file:/C:/Users/benja/Downloads/CASO1_T2/src/caso1_t2/Aula.java</file>
            <file>file:/C:/Users/benja/Downloads/CASO1_T2/src/caso1_t2/Clase.java</file>
            <file>file:/C:/Users/benja/Downloads/CASO1_T2/src/caso1_t2/Profesor.java</file>
            <file>file:/C:/Users/benja/Downloads/CASO1_T2/src/caso1_t2/CASO1_T2.java</file>
            <file>file:/C:/Users/benja/Downloads/CASO1_T2/src/caso1_t2/Estudiante.java</file>
            <file>file:/C:/Users/benja/Downloads/CASO1_T2/src/caso1_t2/Asistencia.java</file>
        </group>
    </open-files>
</project-private>
